TIME,1960,1961,1962,1963,1964,1965,1966,1967,1968,1969,1970,1971,1972,1973,1974,1975,1976,1977,1978,1979,1980,1981,1982,1983,1984,1985,1986,1987,1988,1989,1990,1991,1992,1993,1994,1995,1996,1997,1998,1999,2000,2001,2002,2003,2004,2005,2006,2007,2008,2009,2010,2011,2012,2013,2014,2015,2016,2017,2018,2019,2020,2021
FLOW
Total energy supply (TES) (Mtoe),80.84,91.42,96.19,110.03,123.31,134.64,147.39,173.30,195.90,226.32,256.52,267.53,285.88,320.37,322.14,305.05,324.42,330.19,333.01,352.71,344.52,336.99,336.47,336.77,362.19,362.90,366.98,371.66,397.60,412.53,436.91,441.42,451.24,453.94,478.66,491.30,501.83,507.01,497.80,505.78,515.87,507.34,508.88,505.37,521.97,519.58,519.65,514.64,495.23,474.90,499.54,462.81,451.39,454.67,438.65,432.38,428.54,431.09,424.44,413.22,384.75,402.46
Total final consumption (TFC) (Mtoe),56.98,64.55,69.49,79.34,91.60,98.93,115.33,134.47,150.22,174.62,185.49,199.26,212.55,233.98,229.67,218.73,230.97,235.88,241.64,249.90,235.62,230.25,226.43,230.64,243.56,243.88,246.96,254.10,269.42,279.18,291.36,296.78,299.90,303.11,312.92,324.40,328.81,329.69,323.86,332.28,336.07,331.68,337.10,334.35,339.11,340.31,337.84,335.50,313.40,306.85,313.76,307.60,304.18,305.32,296.24,293.00,288.22,291.93,284.82,279.38,262.94,..
Population (millions),93.63,94.50,95.39,96.37,97.40,98.49,99.27,100.47,101.63,102.88,103.95,104.98,106.42,108.90,110.41,111.77,113.02,114.13,115.18,116.14,117.06,117.90,118.73,119.54,120.31,121.05,121.66,122.24,122.75,123.21,123.61,124.10,124.57,124.94,125.12,125.44,125.71,126.01,126.35,126.59,126.83,127.13,127.40,127.63,127.73,127.76,127.84,127.98,128.04,128.03,128.04,127.83,127.55,127.33,127.26,127.11,126.93,126.71,126.44,126.17,125.71,125.50
GDP (billion USD 2015 prices and exchange rates),584.48,654.87,713.21,773.64,863.98,914.26,1011.53,1123.63,1268.38,1426.64,1462.49,1531.21,1660.05,1793.39,1771.42,1826.18,1898.77,1982.13,2086.63,2201.06,2263.08,2358.34,2436.47,2522.30,2635.86,2773.79,2866.07,3001.66,3205.31,3361.04,3525.48,3645.97,3676.89,3657.82,3689.87,3786.95,3905.62,3943.96,3893.85,3880.84,3988.12,4003.53,4005.20,4066.69,4155.61,4230.57,4288.61,4352.28,4298.98,4054.24,4220.36,4221.39,4279.41,4365.19,4378.16,4446.46,4479.98,4555.05,4581.67,4570.65,4365.06,4435.82
GDP (billion USD 2015 prices and PPPs),683.64,765.98,834.22,904.91,1010.57,1069.38,1183.15,1314.27,1483.58,1668.70,1710.63,1791.02,1941.70,2097.67,2071.97,2136.03,2220.93,2318.44,2440.67,2574.51,2647.05,2758.48,2849.86,2950.25,3083.09,3244.42,3352.35,3510.95,3749.15,3931.31,4123.64,4264.58,4300.75,4278.45,4315.93,4429.48,4568.28,4613.13,4554.51,4539.31,4664.78,4682.81,4684.76,4756.68,4860.69,4948.37,5016.25,5090.73,5028.39,4742.12,4936.43,4937.62,5005.49,5105.83,5121.00,5200.89,5240.09,5327.90,5359.03,5346.15,5105.68,5188.45
Energy production (Mtoe),46.98,49.92,48.13,47.20,48.00,48.14,48.91,44.91,44.81,42.30,39.34,35.78,32.61,29.51,30.64,29.92,32.98,31.96,36.16,39.38,43.29,44.52,51.78,55.17,59.29,67.04,68.87,71.65,69.70,70.51,74.19,78.14,79.25,86.66,89.42,97.31,100.70,105.08,107.89,103.35,104.48,103.09,97.60,84.88,96.29,101.71,102.86,92.34,90.81,96.62,101.08,53.15,30.11,29.41,27.70,31.55,34.55,40.68,49.77,49.94,43.37,53.41
Net imports (Mtoe),35.56,45.72,50.94,66.11,80.68,97.08,109.83,136.20,160.92,192.25,239.16,253.04,272.40,316.76,318.35,297.39,311.28,320.00,312.85,333.30,318.78,302.13,291.86,289.13,314.10,307.82,310.75,312.80,336.52,356.05,376.28,373.26,383.54,379.82,405.74,407.09,414.36,414.65,399.84,410.25,427.22,411.97,422.31,431.98,437.27,433.67,428.01,433.91,417.06,382.87,408.30,420.29,433.88,434.97,419.13,410.04,402.20,401.21,388.10,374.53,344.97,353.58
Oil supply (Mtoe),27.65,35.28,42.09,53.60,65.53,77.10,86.02,107.50,127.64,153.23,184.17,198.85,217.90,248.93,241.57,226.44,242.61,251.07,248.77,256.82,233.68,217.41,210.72,208.83,213.48,200.71,206.14,206.77,224.37,235.12,248.81,245.44,255.10,248.68,262.63,263.18,264.92,259.55,251.31,254.82,253.10,243.17,245.50,247.01,243.10,240.93,231.94,227.42,212.43,199.19,201.18,205.54,208.46,200.91,190.59,184.15,177.35,176.55,166.44,160.66,147.94,155.76
Net oil imports (Mtoe),29.47,37.11,43.45,57.85,70.95,84.83,95.27,117.16,136.98,161.68,202.57,219.85,235.79,273.08,268.14,247.49,261.44,270.21,263.27,276.85,251.69,227.00,216.88,215.67,224.25,212.08,216.36,218.34,232.12,248.69,261.81,254.21,265.96,260.65,278.51,275.22,277.27,271.25,260.47,262.50,268.06,250.35,255.99,257.85,253.85,255.49,242.89,237.71,223.01,204.24,210.57,215.19,219.80,210.09,197.28,193.15,186.32,186.19,178.24,171.43,151.49,160.87
Electricity generation (TWh),115.50,132.10,140.40,159.97,179.37,191.77,214.85,243.75,271.95,314.55,354.80,382.90,425.70,465.39,456.98,473.15,506.99,529.37,557.77,585.34,572.53,580.28,578.71,614.39,643.36,666.94,671.10,713.01,748.13,793.68,861.54,886.50,893.58,897.99,956.66,976.64,997.00,1019.48,1016.50,1035.86,1055.05,1037.51,1057.14,1049.48,1078.74,1099.42,1103.92,1131.45,1101.94,1085.22,1164.02,1103.94,1091.80,1098.65,1072.57,1054.50,1064.69,1073.59,1061.01,1032.97,1009.04,999.52
Electricity consumption (TWh),102.70,118.30,126.30,145.80,164.00,175.60,198.00,227.00,254.00,295.40,336.20,361.03,400.59,442.15,437.02,450.97,486.11,506.10,536.59,563.45,550.94,559.34,556.31,591.64,622.28,643.35,647.28,688.59,724.00,767.87,829.91,855.65,860.65,869.01,924.30,944.89,966.22,987.23,983.31,1000.80,1020.87,1004.88,1018.46,1009.10,1039.61,1060.65,1064.68,1093.14,1059.16,1042.15,1123.75,1063.90,1055.67,1056.63,1032.65,1018.07,1025.27,1040.26,1023.38,996.53,971.51,963.01
Total self-sufficiency,0.58,0.55,0.50,0.43,0.39,0.36,0.33,0.26,0.23,0.19,0.15,0.13,0.11,0.09,0.10,0.10,0.10,0.10,0.11,0.11,0.13,0.13,0.15,0.16,0.16,0.19,0.19,0.19,0.17,0.17,0.17,0.18,0.18,0.19,0.19,0.20,0.20,0.21,0.22,0.20,0.20,0.20,0.19,0.17,0.18,0.20,0.20,0.18,0.18,0.20,0.20,0.12,0.07,0.07,0.06,0.07,0.08,0.09,0.12,0.12,0.11,0.13
Coal self-sufficiency,0.86,0.86,0.86,0.80,0.79,0.80,0.75,0.63,0.60,0.51,0.47,0.42,0.36,0.31,0.25,0.23,0.25,0.26,0.24,0.21,0.18,0.17,0.17,0.17,0.15,0.14,0.14,0.11,0.09,0.08,0.06,0.06,0.06,0.05,0.05,0.04,0.04,0.03,0.03,0.02,0.02,0.01,0.01,0.01,0.01,0.01,0.01,0.01,0.01,0.01,0.01,0.01,0.01,0.01,0.01,0.01,0.01,0.01,0.01,0.00,0.00,0.00
Oil self-sufficiency,0.02,0.02,0.02,0.01,0.01,0.01,0.01,0.01,0.01,0.00,0.01,0.00,0.00,0.00,0.00,0.00,0.00,0.00,0.00,0.00,0.00,0.00,0.00,0.00,0.00,0.00,0.00,0.00,0.00,0.00,0.00,0.00,0.00,0.00,0.00,0.00,0.00,0.00,0.00,0.00,0.00,0.00,0.00,0.00,0.00,0.00,0.00,0.00,0.00,0.00,0.00,0.00,0.00,0.00,0.00,0.00,0.00,0.00,0.00,0.00,0.00,0.00
Gas self-sufficiency,1.00,0.99,1.00,1.00,1.00,1.00,1.00,1.00,1.00,0.90,0.68,0.65,0.63,0.45,0.34,0.28,0.24,0.22,0.15,0.11,0.09,0.08,0.08,0.08,0.06,0.06,0.05,0.05,0.05,0.04,0.04,0.04,0.04,0.04,0.04,0.04,0.04,0.04,0.04,0.03,0.04,0.03,0.04,0.04,0.04,0.04,0.04,0.04,0.04,0.04,0.04,0.03,0.03,0.02,0.02,0.02,0.02,0.03,0.02,0.02,0.02,0.02
Share of fossil in TES,0.94,0.94,0.94,0.95,0.95,0.95,0.95,0.96,0.97,0.97,0.97,0.96,0.97,0.97,0.96,0.95,0.95,0.95,0.93,0.93,0.91,0.91,0.89,0.87,0.87,0.85,0.85,0.83,0.85,0.85,0.85,0.84,0.84,0.82,0.83,0.81,0.81,0.80,0.79,0.81,0.81,0.81,0.81,0.84,0.82,0.81,0.81,0.83,0.83,0.81,0.81,0.89,0.94,0.94,0.94,0.93,0.93,0.91,0.89,0.88,0.89,0.87
Share of fossil in electricity generation,0.49,0.48,0.56,0.57,0.62,0.60,0.63,0.72,0.73,0.76,0.78,0.76,0.78,0.83,0.78,0.77,0.77,0.80,0.77,0.74,0.70,0.70,0.66,0.66,0.66,0.62,0.61,0.61,0.62,0.63,0.63,0.62,0.63,0.58,0.62,0.58,0.58,0.57,0.56,0.58,0.58,0.58,0.61,0.65,0.62,0.62,0.61,0.66,0.66,0.63,0.64,0.78,0.86,0.86,0.85,0.82,0.81,0.78,0.74,0.72,0.73,0.68
Share of renewable sources in TES,0.06,0.06,0.06,0.05,0.05,0.05,0.05,0.03,0.03,0.03,0.03,0.03,0.03,0.02,0.02,0.02,0.02,0.02,0.02,0.02,0.02,0.03,0.04,0.04,0.03,0.04,0.03,0.03,0.04,0.04,0.03,0.04,0.03,0.03,0.03,0.03,0.03,0.03,0.03,0.03,0.03,0.03,0.03,0.03,0.03,0.03,0.03,0.03,0.03,0.04,0.04,0.04,0.04,0.04,0.05,0.05,0.05,0.06,0.06,0.06,0.07,0.07
Share of renewable sources in electricity generation,0.51,0.52,0.44,0.43,0.38,0.40,0.37,0.28,0.27,0.24,0.21,0.22,0.20,0.14,0.18,0.18,0.17,0.14,0.13,0.14,0.16,0.15,0.16,0.16,0.13,0.14,0.14,0.13,0.14,0.14,0.11,0.12,0.10,0.12,0.08,0.09,0.09,0.10,0.10,0.09,0.09,0.09,0.09,0.10,0.10,0.09,0.10,0.08,0.09,0.09,0.09,0.10,0.10,0.10,0.12,0.14,0.14,0.16,0.17,0.18,0.20,0.21
TES/population (toe per capita),0.863,0.967,1.008,1.142,1.266,1.367,1.485,1.725,1.928,2.200,2.468,2.548,2.686,2.942,2.918,2.729,2.870,2.893,2.891,3.037,2.943,2.858,2.834,2.817,3.011,2.998,3.016,3.040,3.239,3.348,3.535,3.557,3.622,3.633,3.826,3.917,3.992,4.024,3.940,3.996,4.067,3.991,3.994,3.960,4.086,4.067,4.065,4.021,3.868,3.709,3.901,3.620,3.539,3.571,3.447,3.402,3.376,3.402,3.357,3.275,3.061,3.207
TES/GDP (toe per thousand 2015 USD),0.138,0.140,0.135,0.142,0.143,0.147,0.146,0.154,0.154,0.159,0.175,0.175,0.172,0.179,0.182,0.167,0.171,0.167,0.160,0.160,0.152,0.143,0.138,0.134,0.137,0.131,0.128,0.124,0.124,0.123,0.124,0.121,0.123,0.124,0.130,0.130,0.128,0.129,0.128,0.130,0.129,0.127,0.127,0.124,0.126,0.123,0.121,0.118,0.115,0.117,0.118,0.110,0.105,0.104,0.100,0.097,0.096,0.095,0.093,0.090,0.088,0.091
TES/GDP (toe per thousand 2015 USD PPP),0.118,0.119,0.115,0.122,0.122,0.126,0.125,0.132,0.132,0.136,0.150,0.149,0.147,0.153,0.155,0.143,0.146,0.142,0.136,0.137,0.130,0.122,0.118,0.114,0.117,0.112,0.109,0.106,0.106,0.105,0.106,0.104,0.105,0.106,0.111,0.111,0.110,0.110,0.109,0.111,0.111,0.108,0.109,0.106,0.107,0.105,0.104,0.101,0.098,0.100,0.101,0.094,0.090,0.089,0.086,0.083,0.082,0.081,0.079,0.077,0.075,0.078
GDP/TES (thousand 2015 USD per toe),7.230,7.163,7.415,7.032,7.007,6.791,6.863,6.484,6.475,6.304,5.701,5.724,5.807,5.598,5.499,5.986,5.853,6.003,6.266,6.240,6.569,6.998,7.241,7.490,7.277,7.643,7.810,8.076,8.062,8.147,8.069,8.260,8.148,8.058,7.709,7.708,7.783,7.779,7.822,7.673,7.731,7.891,7.871,8.047,7.961,8.142,8.253,8.457,8.681,8.537,8.449,9.121,9.480,9.601,9.981,10.284,10.454,10.566,10.795,11.061,11.345,11.022
GDP/TES (thousand 2015 USD PPP per toe),8.457,8.379,8.673,8.225,8.196,7.943,8.027,7.584,7.573,7.373,6.669,6.695,6.792,6.548,6.432,7.002,6.846,7.021,7.329,7.299,7.683,8.186,8.470,8.760,8.512,8.940,9.135,9.447,9.430,9.530,9.438,9.661,9.531,9.425,9.017,9.016,9.103,9.099,9.149,8.975,9.042,9.230,9.206,9.412,9.312,9.524,9.653,9.892,10.154,9.985,9.882,10.669,11.089,11.230,11.674,12.029,12.228,12.359,12.626,12.938,13.270,12.892
Oil supply/population (toe per capita),0.295,0.373,0.441,0.556,0.673,0.783,0.866,1.070,1.256,1.489,1.772,1.894,2.048,2.286,2.188,2.026,2.147,2.200,2.160,2.211,1.996,1.844,1.775,1.747,1.774,1.658,1.694,1.692,1.828,1.908,2.013,1.978,2.048,1.990,2.099,2.098,2.107,2.060,1.989,2.013,1.996,1.913,1.927,1.935,1.903,1.886,1.814,1.777,1.659,1.556,1.571,1.608,1.634,1.578,1.498,1.449,1.397,1.393,1.316,1.273,1.177,1.241
Oil supply/GDP (toe per thousand 2015 USD),0.047,0.054,0.059,0.069,0.076,0.084,0.085,0.096,0.101,0.107,0.126,0.130,0.131,0.139,0.136,0.124,0.128,0.127,0.119,0.117,0.103,0.092,0.086,0.083,0.081,0.072,0.072,0.069,0.070,0.070,0.071,0.067,0.069,0.068,0.071,0.069,0.068,0.066,0.065,0.066,0.063,0.061,0.061,0.061,0.059,0.057,0.054,0.052,0.049,0.049,0.048,0.049,0.049,0.046,0.044,0.041,0.040,0.039,0.036,0.035,0.034,0.035
Oil supply/GDP (toe per thousand 2015 USD PPP),0.040,0.046,0.050,0.059,0.065,0.072,0.073,0.082,0.086,0.092,0.108,0.111,0.112,0.119,0.117,0.106,0.109,0.108,0.102,0.100,0.088,0.079,0.074,0.071,0.069,0.062,0.061,0.059,0.060,0.060,0.060,0.058,0.059,0.058,0.061,0.059,0.058,0.056,0.055,0.056,0.054,0.052,0.052,0.052,0.050,0.049,0.046,0.045,0.042,0.042,0.041,0.042,0.042,0.039,0.037,0.035,0.034,0.033,0.031,0.030,0.029,0.030
Net oil imports/GDP (toe per thousand 2015 USD),0.050,0.057,0.061,0.075,0.082,0.093,0.094,0.104,0.108,0.113,0.139,0.144,0.142,0.152,0.151,0.136,0.138,0.136,0.126,0.126,0.111,0.096,0.089,0.086,0.085,0.076,0.075,0.073,0.072,0.074,0.074,0.070,0.072,0.071,0.075,0.073,0.071,0.069,0.067,0.068,0.067,0.063,0.064,0.063,0.061,0.060,0.057,0.055,0.052,0.050,0.050,0.051,0.051,0.048,0.045,0.043,0.042,0.041,0.039,0.038,0.035,0.036
Net oil imports/GDP (toe per thousand 2015 USD PPP),0.043,0.048,0.052,0.064,0.070,0.079,0.081,0.089,0.092,0.097,0.118,0.123,0.121,0.130,0.129,0.116,0.118,0.117,0.108,0.108,0.095,0.082,0.076,0.073,0.073,0.065,0.065,0.062,0.062,0.063,0.063,0.060,0.062,0.061,0.065,0.062,0.061,0.059,0.057,0.058,0.057,0.053,0.055,0.054,0.052,0.052,0.048,0.047,0.044,0.043,0.043,0.044,0.044,0.041,0.039,0.037,0.036,0.035,0.033,0.032,0.030,0.031
Electricity consumption/population (kWh per capita),1097,1252,1324,1513,1684,1783,1994,2259,2499,2871,3234,3439,3764,4060,3958,4035,4301,4434,4659,4852,4706,4744,4686,4949,5173,5315,5320,5633,5898,6232,6714,6895,6909,6956,7388,7533,7686,7834,7782,7906,8049,7904,7994,7906,8139,8302,8328,8541,8272,8140,8776,8323,8276,8298,8114,8009,8077,8210,8094,7899,7728,7673
Electricity consumption/GDP (kWh per 2015 USD),0.176,0.181,0.177,0.188,0.190,0.192,0.196,0.202,0.200,0.207,0.230,0.236,0.241,0.247,0.247,0.247,0.256,0.255,0.257,0.256,0.243,0.237,0.228,0.235,0.236,0.232,0.226,0.229,0.226,0.228,0.235,0.235,0.234,0.238,0.250,0.250,0.247,0.250,0.253,0.258,0.256,0.251,0.254,0.248,0.250,0.251,0.248,0.251,0.246,0.257,0.266,0.252,0.247,0.242,0.236,0.229,0.229,0.228,0.223,0.218,0.223,0.217
Electricity consumption/GDP (kWh per 2015 USD PPP),0.150,0.154,0.151,0.161,0.162,0.164,0.167,0.173,0.171,0.177,0.197,0.202,0.206,0.211,0.211,0.211,0.219,0.218,0.220,0.219,0.208,0.203,0.195,0.201,0.202,0.198,0.193,0.196,0.193,0.195,0.201,0.201,0.200,0.203,0.214,0.213,0.212,0.214,0.216,0.220,0.219,0.215,0.217,0.212,0.214,0.214,0.212,0.215,0.211,0.220,0.228,0.215,0.211,0.207,0.202,0.196,0.196,0.195,0.191,0.186,0.190,0.186
TFC/population (toe per capita),0.609,0.683,0.728,0.823,0.940,1.004,1.162,1.338,1.478,1.697,1.784,1.898,1.997,2.149,2.080,1.957,2.044,2.067,2.098,2.152,2.013,1.953,1.907,1.929,2.024,2.015,2.030,2.079,2.195,2.266,2.357,2.391,2.408,2.426,2.501,2.586,2.616,2.616,2.563,2.625,2.650,2.609,2.646,2.620,2.655,2.664,2.643,2.622,2.448,2.397,2.450,2.406,2.385,2.398,2.328,2.305,2.271,2.304,2.253,2.214,2.092,..
TFC/GDP (toe per thousand 2015 USD),0.097,0.099,0.097,0.103,0.106,0.108,0.114,0.120,0.118,0.122,0.127,0.130,0.128,0.130,0.130,0.120,0.122,0.119,0.116,0.114,0.104,0.098,0.093,0.091,0.092,0.088,0.086,0.085,0.084,0.083,0.083,0.081,0.082,0.083,0.085,0.086,0.084,0.084,0.083,0.086,0.084,0.083,0.084,0.082,0.082,0.080,0.079,0.077,0.073,0.076,0.074,0.073,0.071,0.070,0.068,0.066,0.064,0.064,0.062,0.061,0.060,..
TFC/GDP (toe per thousand 2015 USD PPP),0.083,0.084,0.083,0.088,0.091,0.093,0.097,0.102,0.101,0.105,0.108,0.111,0.109,0.112,0.111,0.102,0.104,0.102,0.099,0.097,0.089,0.083,0.079,0.078,0.079,0.075,0.074,0.072,0.072,0.071,0.071,0.070,0.070,0.071,0.073,0.073,0.072,0.071,0.071,0.073,0.072,0.071,0.072,0.070,0.070,0.069,0.067,0.066,0.062,0.065,0.064,0.062,0.061,0.060,0.058,0.056,0.055,0.055,0.053,0.052,0.051,..
Transport/population (toe per capita),0.125,0.136,0.150,0.163,0.183,0.190,0.208,0.234,0.260,0.290,0.316,0.338,0.349,0.374,0.375,0.387,0.403,0.417,0.441,0.459,0.461,0.449,0.431,0.441,0.451,0.453,0.466,0.481,0.503,0.537,0.585,0.611,0.621,0.633,0.664,0.685,0.698,0.703,0.700,0.705,0.703,0.707,0.694,0.687,0.687,0.680,0.669,0.650,0.626,0.610,0.614,0.600,0.595,0.589,0.573,0.573,0.568,0.564,0.558,0.548,0.497,..
Transport/GDP (toe per thousand 2015 USD),0.020,0.020,0.020,0.020,0.021,0.021,0.020,0.021,0.021,0.021,0.022,0.023,0.022,0.023,0.023,0.024,0.024,0.024,0.024,0.024,0.024,0.022,0.021,0.021,0.021,0.020,0.020,0.020,0.019,0.020,0.021,0.021,0.021,0.022,0.023,0.023,0.022,0.022,0.023,0.023,0.022,0.022,0.022,0.022,0.021,0.021,0.020,0.019,0.019,0.019,0.019,0.018,0.018,0.017,0.017,0.016,0.016,0.016,0.015,0.015,0.014,..
Transport/GDP (toe per thousand 2015 USD PPP),0.017,0.017,0.017,0.017,0.018,0.018,0.017,0.018,0.018,0.018,0.019,0.020,0.019,0.019,0.020,0.020,0.020,0.021,0.021,0.021,0.020,0.019,0.018,0.018,0.018,0.017,0.017,0.017,0.016,0.017,0.018,0.018,0.018,0.018,0.019,0.019,0.019,0.019,0.019,0.020,0.019,0.019,0.019,0.018,0.018,0.018,0.017,0.016,0.016,0.016,0.016,0.016,0.015,0.015,0.014,0.014,0.014,0.013,0.013,0.013,0.012,..
Residential/population (toe per capita),0.070,0.075,0.080,0.084,0.087,0.095,0.099,0.102,0.100,0.108,0.169,0.164,0.172,0.192,0.192,0.196,0.213,0.216,0.224,0.229,0.220,0.230,0.249,0.264,0.283,0.284,0.290,0.296,0.317,0.315,0.304,0.314,0.325,0.339,0.347,0.362,0.367,0.357,0.362,0.371,0.385,0.375,0.387,0.377,0.381,0.394,0.379,0.380,0.369,0.365,0.390,0.375,0.380,0.371,0.356,0.347,0.348,0.363,0.335,0.333,0.350,..
Residential/GDP (toe per thousand 2015 USD),0.011,0.011,0.011,0.010,0.010,0.010,0.010,0.009,0.008,0.008,0.012,0.011,0.011,0.012,0.012,0.012,0.013,0.012,0.012,0.012,0.011,0.011,0.012,0.013,0.013,0.012,0.012,0.012,0.012,0.012,0.011,0.011,0.011,0.012,0.012,0.012,0.012,0.011,0.012,0.012,0.012,0.012,0.012,0.012,0.012,0.012,0.011,0.011,0.011,0.012,0.012,0.011,0.011,0.011,0.010,0.010,0.010,0.010,0.009,0.009,0.010,..
Residential/GDP (toe per thousand 2015 USD PPP),0.010,0.009,0.009,0.009,0.008,0.009,0.008,0.008,0.007,0.007,0.010,0.010,0.009,0.010,0.010,0.010,0.011,0.011,0.011,0.010,0.010,0.010,0.010,0.011,0.011,0.011,0.011,0.010,0.010,0.010,0.009,0.009,0.009,0.010,0.010,0.010,0.010,0.010,0.010,0.010,0.010,0.010,0.011,0.010,0.010,0.010,0.010,0.010,0.009,0.010,0.010,0.010,0.010,0.009,0.009,0.008,0.008,0.009,0.008,0.008,0.009,..
Services/population (toe per capita),0.004,0.005,0.006,0.006,0.006,0.007,0.008,0.008,0.009,0.010,0.128,0.156,0.169,0.186,0.179,0.180,0.182,0.182,0.188,0.184,0.174,0.182,0.205,0.216,0.224,0.220,0.228,0.231,0.251,0.255,0.273,0.284,0.295,0.309,0.321,0.344,0.343,0.359,0.383,0.403,0.413,0.419,0.435,0.431,0.444,0.449,0.454,0.458,0.445,0.413,0.411,0.409,0.393,0.415,0.410,0.398,0.390,0.397,0.398,0.391,0.370,..
Services/GDP (toe per thousand 2015 USD),0.001,0.001,0.001,0.001,0.001,0.001,0.001,0.001,0.001,0.001,0.009,0.011,0.011,0.011,0.011,0.011,0.011,0.010,0.010,0.010,0.009,0.009,0.010,0.010,0.010,0.010,0.010,0.009,0.010,0.009,0.010,0.010,0.010,0.011,0.011,0.011,0.011,0.011,0.012,0.013,0.013,0.013,0.014,0.014,0.014,0.014,0.014,0.013,0.013,0.013,0.012,0.012,0.012,0.012,0.012,0.011,0.011,0.011,0.011,0.011,0.011,..
Services/GDP (toe per thousand 2015 USD PPP),0.001,0.001,0.001,0.001,0.001,0.001,0.001,0.001,0.001,0.001,0.008,0.009,0.009,0.010,0.010,0.009,0.009,0.009,0.009,0.008,0.008,0.008,0.009,0.009,0.009,0.008,0.008,0.008,0.008,0.008,0.008,0.008,0.009,0.009,0.009,0.010,0.009,0.010,0.011,0.011,0.011,0.011,0.012,0.012,0.012,0.012,0.012,0.012,0.011,0.011,0.011,0.011,0.010,0.010,0.010,0.010,0.009,0.009,0.009,0.009,0.009,..
Industry/population (toe per capita),0.361,0.407,0.417,0.479,0.529,0.536,0.620,0.729,0.787,0.897,0.841,0.869,0.904,0.963,0.929,0.852,0.874,0.848,0.813,0.839,0.779,0.736,0.732,0.719,0.756,0.748,0.727,0.733,0.762,0.786,0.875,0.868,0.852,0.840,0.853,0.864,0.865,0.848,0.791,0.802,0.815,0.788,0.797,0.781,0.787,0.798,0.801,0.796,0.721,0.684,0.715,0.719,0.707,0.709,0.689,0.665,0.652,0.655,0.660,0.637,0.598,..
Industry/GDP (toe per thousand 2015 USD),0.058,0.059,0.056,0.060,0.060,0.058,0.061,0.065,0.063,0.065,0.060,0.060,0.058,0.058,0.058,0.052,0.052,0.049,0.045,0.044,0.040,0.037,0.036,0.034,0.034,0.033,0.031,0.030,0.029,0.029,0.031,0.030,0.029,0.029,0.029,0.029,0.028,0.027,0.026,0.026,0.026,0.025,0.025,0.025,0.024,0.024,0.024,0.023,0.021,0.022,0.022,0.022,0.021,0.021,0.020,0.019,0.018,0.018,0.018,0.018,0.017,..
Industry/GDP (toe per thousand 2015 USD PPP),0.049,0.050,0.048,0.051,0.051,0.049,0.052,0.056,0.054,0.055,0.051,0.051,0.050,0.050,0.049,0.045,0.044,0.042,0.038,0.038,0.034,0.031,0.030,0.029,0.029,0.028,0.026,0.026,0.025,0.025,0.026,0.025,0.025,0.025,0.025,0.024,0.024,0.023,0.022,0.022,0.022,0.021,0.022,0.021,0.021,0.021,0.020,0.020,0.018,0.018,0.019,0.019,0.018,0.018,0.017,0.016,0.016,0.016,0.016,0.015,0.015,..
Industrial production index (2015=100),13.46,16.08,17.41,19.37,22.44,23.29,26.37,31.49,36.34,42.14,47.94,49.19,52.75,60.65,58.23,51.83,57.60,59.97,63.77,68.45,71.66,72.38,72.60,74.95,81.92,84.91,84.77,87.70,95.82,101.36,105.64,107.63,101.43,97.90,99.13,102.38,104.78,108.48,101.37,101.69,107.23,100.44,99.31,102.64,107.51,109.04,113.77,116.95,113.20,89.40,102.79,99.78,100.43,99.56,101.28,100.00,100.06,102.88,104.00,100.96,91.05,96.02
Index of industry consumption/industrial production (2015=100),224.12,216.17,211.15,221.06,219.66,225.57,236.83,236.48,228.82,233.55,199.98,206.87,205.74,194.99,196.71,198.74,189.11,183.24,171.72,166.10,143.82,134.78,131.51,126.41,122.37,118.11,117.13,116.17,111.82,109.84,111.09,108.23,113.63,115.92,117.46,116.78,114.94,110.29,110.34,113.12,107.78,110.84,114.57,110.56,107.29,105.81,101.70,98.40,90.57,113.93,102.39,104.17,102.78,104.62,99.30,100.00,97.33,96.00,93.36,93.79,95.65,..
Index of industry oil consumption/industrial production (2015=100),154.46,168.28,215.03,248.98,270.64,303.26,339.62,340.16,339.90,353.23,290.66,309.60,301.14,293.16,290.87,277.20,267.97,259.54,243.44,231.59,184.36,162.51,164.97,159.02,151.71,143.27,144.14,145.65,138.28,134.74,121.72,117.70,125.30,128.40,132.35,133.99,131.68,126.58,128.31,134.17,123.00,125.83,129.99,123.48,118.56,112.45,106.36,99.27,87.81,117.99,100.61,102.08,100.47,103.85,97.46,100.00,94.77,93.34,88.11,89.03,89.95,..
Total thermal efficiency of electricity only plants (main and auto) (%),28.42,28.19,30.02,30.96,33.75,32.65,34.66,37.13,38.59,39.58,34.79,35.84,38.55,37.27,33.94,35.53,37.17,36.66,36.24,35.81,35.33,36.17,37.60,38.07,36.06,36.40,36.06,37.55,36.90,38.03,38.30,38.28,38.37,37.82,38.19,37.81,37.95,38.09,37.99,38.46,38.57,38.59,39.07,39.67,39.25,39.12,39.22,39.86,40.01,39.88,40.21,42.44,43.81,43.78,44.66,44.61,44.58,44.52,43.75,43.81,44.33,..
Total thermal efficiency of electricity and heat plants (%),28.42,28.19,30.02,30.96,33.75,32.65,34.66,37.13,38.59,39.58,34.79,35.84,38.55,37.27,33.94,35.53,37.17,36.72,36.31,35.88,35.41,36.25,37.65,38.12,36.11,36.45,36.11,37.60,36.95,38.08,38.34,38.33,38.42,37.88,38.26,37.88,38.02,38.17,38.09,38.55,38.67,38.69,39.18,39.78,39.36,39.22,39.32,39.97,40.11,39.99,40.32,42.54,43.92,43.88,44.76,44.70,44.68,44.63,43.85,43.91,44.44,..
Total energy supply (TES) (PJ),3384.46,3827.59,4027.32,4606.52,5162.60,5636.99,6170.88,7255.80,8202.02,9475.51,10739.84,11200.85,11969.00,13413.20,13487.38,12772.00,13582.79,13824.50,13942.63,14767.49,14424.52,14109.02,14087.27,14100.05,15164.38,15193.77,15364.55,15560.68,16646.58,17271.84,18292.55,18481.49,18892.56,19005.42,20040.71,20569.88,21010.62,21227.60,20841.84,21176.11,21598.57,21241.36,21305.68,21158.71,21853.69,21753.77,21756.54,21547.12,20734.18,19883.21,20914.55,19376.90,18898.95,19035.97,18365.59,18102.85,17942.03,18048.86,17770.51,17300.80,16108.89,16850.11
Total final consumption (TFC) (PJ),2385.69,2702.41,2909.43,3322.00,3835.24,4141.85,4828.61,5630.07,6289.22,7310.76,7766.24,8342.60,8899.20,9796.23,9615.66,9157.72,9670.20,9876.01,10117.00,10462.93,9864.86,9639.88,9479.97,9656.33,10197.15,10210.64,10339.73,10638.81,11280.01,11688.76,12198.46,12425.47,12556.29,12690.54,13101.15,13581.80,13766.49,13803.26,13559.35,13911.89,14070.60,13886.95,14113.78,13998.36,14197.89,14248.14,14144.69,14046.77,13121.50,12847.03,13136.72,12878.68,12735.53,12783.32,12403.00,12267.37,12067.34,12222.42,11924.93,11696.93,11008.80,..
Energy production (PJ),1966.95,2090.07,2014.93,1976.00,2009.59,2015.45,2047.56,1880.13,1876.04,1770.97,1647.12,1498.24,1365.36,1235.37,1282.64,1252.66,1380.97,1338.28,1514.08,1648.87,1812.34,1863.91,2168.04,2310.06,2482.40,2806.84,2883.51,2999.68,2918.39,2952.17,3106.21,3271.65,3317.90,3628.41,3743.70,4074.00,4216.22,4399.47,4517.21,4327.14,4374.49,4316.30,4086.26,3553.92,4031.43,4258.31,4306.65,3866.21,3801.97,4045.38,4231.86,2225.22,1260.63,1231.44,1159.52,1320.94,1446.40,1703.31,2083.58,2090.79,1815.63,2236.36
Net imports (PJ),1488.78,1914.04,2132.54,2767.74,3377.75,4064.49,4598.30,5702.57,6737.29,8049.28,10013.22,10594.06,11405.03,13261.96,13328.65,12451.23,13032.73,13397.86,13098.17,13954.71,13346.77,12649.66,12219.40,12105.38,13150.87,12887.77,13010.65,13096.30,14089.65,14906.97,15753.98,15627.43,16058.09,15902.53,16987.40,17043.91,17348.40,17360.67,16740.60,17176.35,17887.03,17248.23,17681.35,18086.24,18307.85,18156.83,17919.77,18166.95,17461.40,16030.03,17094.87,17596.85,18165.77,18211.20,17548.31,17167.71,16839.12,16797.84,16249.12,15680.98,14443.32,14803.73
Oil supply (PJ),1157.58,1477.17,1762.42,2244.20,2743.62,3228.01,3601.40,4500.95,5344.13,6415.62,7710.67,8325.28,9122.84,10422.19,10114.19,9480.57,10157.60,10511.62,10415.65,10752.58,9783.75,9102.31,8822.25,8743.34,8937.84,8403.17,8630.55,8657.07,9394.03,9843.81,10417.12,10276.16,10680.45,10411.85,10995.63,11018.88,11091.53,10866.94,10521.77,10668.81,10596.64,10180.86,10278.55,10341.90,10178.28,10087.05,9710.67,9521.72,8894.00,8339.75,8423.16,8605.35,8727.81,8411.62,7979.53,7710.17,7425.35,7391.88,6968.61,6726.28,6193.75,6521.29
Net oil imports (PJ),1233.80,1553.72,1818.94,2421.90,2970.37,3551.60,3988.69,4905.39,5734.95,6769.35,8481.01,9204.46,9872.25,11433.43,11226.67,10361.71,10946.03,11313.01,11022.60,11591.24,10537.98,9504.19,9080.20,9029.85,9389.06,8879.20,9058.49,9141.26,9718.34,10412.32,10961.51,10643.36,11135.27,10913.10,11660.50,11523.01,11608.94,11356.49,10905.20,10990.25,11223.32,10481.71,10717.62,10795.64,10628.08,10696.77,10169.16,9952.54,9336.91,8551.11,8816.15,9009.62,9202.54,8796.00,8259.78,8086.61,7800.97,7795.29,7462.33,7177.53,6342.36,6735.13
TES/population (GJ per capita),36.15,40.51,42.22,47.80,53.00,57.23,62.16,72.22,80.70,92.11,103.32,106.69,112.47,123.17,122.16,114.27,120.18,121.13,121.06,127.16,123.22,119.67,118.65,117.96,126.05,125.52,126.29,127.30,135.62,140.19,147.99,148.92,151.67,152.12,160.18,163.99,167.13,168.46,164.96,167.29,170.29,167.08,167.24,165.78,171.09,170.28,170.19,168.36,161.93,155.30,163.34,151.58,148.17,149.50,144.31,142.42,141.35,142.45,140.54,137.13,128.15,134.26
TES/GDP (MJ per 2015 USD),5.79,5.84,5.65,5.95,5.97,6.17,6.10,6.46,6.47,6.64,7.34,7.32,7.21,7.48,7.61,6.99,7.15,6.97,6.68,6.71,6.37,5.98,5.78,5.59,5.75,5.48,5.36,5.18,5.19,5.14,5.19,5.07,5.14,5.20,5.43,5.43,5.38,5.38,5.35,5.46,5.42,5.31,5.32,5.20,5.26,5.14,5.07,4.95,4.82,4.90,4.96,4.59,4.42,4.36,4.20,4.07,4.00,3.96,3.88,3.79,3.69,3.80
TES/GDP (MJ per 2015 USD PPP),4.95,5.00,4.83,5.09,5.11,5.27,5.22,5.52,5.53,5.68,6.28,6.25,6.16,6.39,6.51,5.98,6.12,5.96,5.71,5.74,5.45,5.12,4.94,4.78,4.92,4.68,4.58,4.43,4.44,4.39,4.44,4.33,4.39,4.44,4.64,4.64,4.60,4.60,4.58,4.67,4.63,4.54,4.55,4.45,4.50,4.40,4.34,4.23,4.12,4.19,4.24,3.92,3.78,3.73,3.59,3.48,3.42,3.39,3.32,3.24,3.15,3.25
GDP/TES (2015 USD per MJ),0.17,0.17,0.18,0.17,0.17,0.16,0.16,0.16,0.16,0.15,0.14,0.14,0.14,0.13,0.13,0.14,0.14,0.14,0.15,0.15,0.16,0.17,0.17,0.18,0.17,0.18,0.19,0.19,0.19,0.20,0.19,0.20,0.20,0.19,0.18,0.18,0.19,0.19,0.19,0.18,0.19,0.19,0.19,0.19,0.19,0.19,0.20,0.20,0.21,0.20,0.20,0.22,0.23,0.23,0.24,0.25,0.25,0.25,0.26,0.26,0.27,0.26
GDP/TES (2015 USD PPP per MJ),0.20,0.20,0.21,0.20,0.20,0.19,0.19,0.18,0.18,0.18,0.16,0.16,0.16,0.16,0.15,0.17,0.16,0.17,0.17,0.17,0.18,0.20,0.20,0.21,0.20,0.21,0.22,0.23,0.23,0.23,0.23,0.23,0.23,0.23,0.22,0.22,0.22,0.22,0.22,0.21,0.22,0.22,0.22,0.23,0.22,0.23,0.23,0.24,0.24,0.24,0.24,0.26,0.27,0.27,0.28,0.29,0.29,0.29,0.30,0.31,0.32,0.31
Oil supply/population (GJ per capita),12.36,15.63,18.48,23.29,28.17,32.77,36.28,44.80,52.58,62.36,74.18,79.30,85.73,95.70,91.61,84.82,89.87,92.10,90.43,92.58,83.58,77.20,74.31,73.14,74.29,69.42,70.94,70.82,76.53,79.90,84.27,82.81,85.74,83.34,87.88,87.84,88.23,86.24,83.28,84.28,83.55,80.08,80.68,81.03,79.68,78.96,75.96,74.40,69.46,65.14,65.78,67.32,68.42,66.06,62.70,60.66,58.50,58.34,55.11,53.31,49.27,51.96
Oil supply/GDP (MJ per 2015 USD),1.98,2.26,2.47,2.90,3.18,3.53,3.56,4.01,4.21,4.50,5.27,5.44,5.50,5.81,5.71,5.19,5.35,5.30,4.99,4.88,4.32,3.86,3.62,3.47,3.39,3.03,3.01,2.88,2.93,2.93,2.96,2.82,2.90,2.85,2.98,2.91,2.84,2.75,2.70,2.75,2.66,2.54,2.57,2.54,2.45,2.38,2.26,2.19,2.07,2.06,2.00,2.04,2.04,1.93,1.82,1.73,1.66,1.62,1.52,1.47,1.42,1.47
Oil supply/GDP (MJ per 2015 USD PPP),1.69,1.93,2.11,2.48,2.71,3.02,3.04,3.42,3.60,3.85,4.51,4.65,4.70,4.97,4.88,4.44,4.57,4.53,4.27,4.18,3.70,3.30,3.10,2.96,2.90,2.59,2.57,2.47,2.51,2.50,2.53,2.41,2.48,2.43,2.55,2.49,2.43,2.36,2.31,2.35,2.27,2.17,2.19,2.17,2.09,2.04,1.94,1.87,1.77,1.76,1.71,1.74,1.74,1.65,1.56,1.48,1.42,1.39,1.30,1.26,1.21,1.26
Net oil imports/GDP (MJ per 2015 USD),2.11,2.37,2.55,3.13,3.44,3.88,3.94,4.37,4.52,4.75,5.80,6.01,5.95,6.38,6.34,5.67,5.76,5.71,5.28,5.27,4.66,4.03,3.73,3.58,3.56,3.20,3.16,3.04,3.03,3.10,3.11,2.92,3.03,2.98,3.16,3.04,2.97,2.88,2.80,2.83,2.81,2.62,2.68,2.65,2.56,2.53,2.37,2.29,2.17,2.11,2.09,2.13,2.15,2.02,1.89,1.82,1.74,1.71,1.63,1.57,1.45,1.52
Net oil imports/GDP (MJ per 2015 USD PPP),1.80,2.03,2.18,2.68,2.94,3.32,3.37,3.73,3.87,4.06,4.96,5.14,5.08,5.45,5.42,4.85,4.93,4.88,4.52,4.50,3.98,3.44,3.19,3.06,3.04,2.74,2.70,2.60,2.59,2.65,2.66,2.50,2.59,2.55,2.70,2.60,2.54,2.46,2.39,2.42,2.41,2.24,2.29,2.27,2.19,2.16,2.03,1.96,1.86,1.80,1.79,1.83,1.84,1.72,1.61,1.55,1.49,1.46,1.39,1.34,1.24,1.30
TFC/population (GJ per capita),25.48,28.60,30.50,34.47,39.38,42.05,48.64,56.04,61.88,71.06,74.71,79.47,83.63,89.95,87.09,81.94,85.56,86.53,87.84,90.09,84.27,81.76,79.85,80.78,84.76,84.35,84.99,87.03,91.90,94.87,98.68,100.12,100.80,101.58,104.71,108.28,109.51,109.54,107.32,109.90,110.94,109.23,110.78,109.68,111.15,111.53,110.65,109.76,102.48,100.34,102.60,100.75,99.85,100.39,97.46,96.51,95.07,96.46,94.31,92.71,87.57,..
TFC/GDP (MJ per 2015 USD),4.08,4.13,4.08,4.29,4.44,4.53,4.77,5.01,4.96,5.12,5.31,5.45,5.36,5.46,5.43,5.01,5.09,4.98,4.85,4.75,4.36,4.09,3.89,3.83,3.87,3.68,3.61,3.54,3.52,3.48,3.46,3.41,3.42,3.47,3.55,3.59,3.52,3.50,3.48,3.59,3.53,3.47,3.52,3.44,3.42,3.37,3.30,3.23,3.05,3.17,3.11,3.05,2.98,2.93,2.83,2.76,2.69,2.68,2.60,2.56,2.52,..
TFC/GDP (MJ per 2015 USD PPP),3.49,3.53,3.49,3.67,3.79,3.87,4.08,4.28,4.24,4.38,4.54,4.66,4.58,4.67,4.64,4.29,4.35,4.26,4.14,4.06,3.73,3.50,3.33,3.27,3.31,3.15,3.08,3.03,3.01,2.97,2.96,2.91,2.92,2.97,3.04,3.07,3.01,2.99,2.98,3.06,3.02,2.97,3.01,2.94,2.92,2.88,2.82,2.76,2.61,2.71,2.66,2.61,2.54,2.50,2.42,2.36,2.30,2.29,2.23,2.19,2.16,..
Transport/population (GJ per capita),5.25,5.69,6.26,6.84,7.67,7.97,8.69,9.78,10.88,12.12,13.23,14.16,14.60,15.67,15.68,16.19,16.86,17.46,18.47,19.24,19.31,18.78,18.05,18.45,18.87,18.98,19.52,20.12,21.08,22.48,24.48,25.57,26.00,26.50,27.82,28.66,29.24,29.43,29.29,29.51,29.42,29.59,29.06,28.77,28.76,28.47,28.02,27.21,26.20,25.54,25.71,25.13,24.92,24.67,24.01,23.99,23.76,23.61,23.36,22.94,20.80,..
Transport/GDP (MJ per 2015 USD),0.84,0.82,0.84,0.85,0.86,0.86,0.85,0.87,0.87,0.87,0.94,0.97,0.94,0.95,0.98,0.99,1.00,1.01,1.02,1.01,1.00,0.94,0.88,0.87,0.86,0.83,0.83,0.82,0.81,0.82,0.86,0.87,0.88,0.91,0.94,0.95,0.94,0.94,0.95,0.96,0.94,0.94,0.92,0.90,0.88,0.86,0.83,0.80,0.78,0.81,0.78,0.76,0.74,0.72,0.70,0.69,0.67,0.66,0.65,0.63,0.60,..
Transport/GDP (MJ per 2015 USD PPP),0.72,0.70,0.72,0.73,0.74,0.73,0.73,0.75,0.75,0.75,0.80,0.83,0.80,0.81,0.84,0.85,0.86,0.86,0.87,0.87,0.85,0.80,0.75,0.75,0.74,0.71,0.71,0.70,0.69,0.70,0.73,0.74,0.75,0.77,0.81,0.81,0.81,0.80,0.81,0.82,0.80,0.80,0.79,0.77,0.76,0.73,0.71,0.68,0.67,0.69,0.67,0.65,0.64,0.61,0.60,0.59,0.58,0.56,0.55,0.54,0.51,..
Residential/population (GJ per capita),2.94,3.14,3.33,3.51,3.62,3.99,4.14,4.25,4.21,4.53,7.07,6.85,7.18,8.04,8.04,8.19,8.91,9.06,9.38,9.57,9.20,9.62,10.41,11.05,11.86,11.88,12.12,12.41,13.27,13.20,12.74,13.15,13.62,14.21,14.51,15.15,15.35,14.93,15.15,15.55,16.11,15.69,16.20,15.77,15.94,16.49,15.88,15.93,15.45,15.30,16.32,15.72,15.92,15.53,14.91,14.53,14.56,15.20,14.05,13.95,14.67,..
Residential/GDP (MJ per 2015 USD),0.47,0.45,0.45,0.44,0.41,0.43,0.41,0.38,0.34,0.33,0.50,0.47,0.46,0.49,0.50,0.50,0.53,0.52,0.52,0.51,0.48,0.48,0.51,0.52,0.54,0.52,0.52,0.51,0.51,0.48,0.45,0.45,0.46,0.49,0.49,0.50,0.49,0.48,0.49,0.51,0.51,0.50,0.52,0.50,0.49,0.50,0.47,0.47,0.46,0.48,0.50,0.48,0.47,0.45,0.43,0.41,0.41,0.42,0.39,0.39,0.42,..
Residential/GDP (MJ per 2015 USD PPP),0.40,0.39,0.38,0.37,0.35,0.37,0.35,0.33,0.29,0.28,0.43,0.40,0.39,0.42,0.43,0.43,0.45,0.45,0.44,0.43,0.41,0.41,0.43,0.45,0.46,0.44,0.44,0.43,0.43,0.41,0.38,0.38,0.40,0.41,0.42,0.43,0.42,0.41,0.42,0.43,0.44,0.43,0.44,0.42,0.42,0.43,0.41,0.40,0.39,0.41,0.42,0.41,0.41,0.39,0.37,0.35,0.35,0.36,0.33,0.33,0.36,..
Services/population (GJ per capita),0.19,0.21,0.23,0.25,0.27,0.31,0.33,0.35,0.37,0.41,5.37,6.53,7.06,7.77,7.48,7.54,7.61,7.63,7.88,7.70,7.28,7.63,8.59,9.03,9.38,9.20,9.55,9.67,10.52,10.69,11.42,11.87,12.34,12.94,13.45,14.39,14.34,15.04,16.02,16.89,17.28,17.55,18.23,18.02,18.60,18.79,19.01,19.19,18.63,17.31,17.20,17.12,16.47,17.39,17.16,16.65,16.31,16.61,16.68,16.37,15.49,..
Services/GDP (MJ per 2015 USD),0.03,0.03,0.03,0.03,0.03,0.03,0.03,0.03,0.03,0.03,0.38,0.45,0.45,0.47,0.47,0.46,0.45,0.44,0.44,0.41,0.38,0.38,0.42,0.43,0.43,0.40,0.41,0.39,0.40,0.39,0.40,0.40,0.42,0.44,0.46,0.48,0.46,0.48,0.52,0.55,0.55,0.56,0.58,0.57,0.57,0.57,0.57,0.56,0.56,0.55,0.52,0.52,0.49,0.51,0.50,0.48,0.46,0.46,0.46,0.45,0.45,..
Services/GDP (MJ per 2015 USD PPP),0.03,0.03,0.03,0.03,0.03,0.03,0.03,0.03,0.03,0.03,0.33,0.38,0.39,0.40,0.40,0.39,0.39,0.38,0.37,0.35,0.32,0.33,0.36,0.37,0.37,0.34,0.35,0.34,0.34,0.34,0.34,0.34,0.36,0.38,0.39,0.41,0.40,0.41,0.44,0.47,0.47,0.48,0.50,0.48,0.49,0.48,0.48,0.48,0.47,0.47,0.45,0.44,0.42,0.43,0.43,0.41,0.40,0.40,0.39,0.39,0.38,..
Industry/population (GJ per capita),15.10,17.05,17.47,20.05,22.15,22.42,25.96,30.54,32.97,37.55,35.23,36.36,37.84,40.32,38.89,35.68,36.59,35.50,34.03,35.12,32.63,30.80,30.65,30.12,31.64,31.32,30.42,30.71,31.89,32.91,36.63,36.36,35.65,35.18,35.73,36.17,36.21,35.49,33.13,33.60,34.13,33.01,33.36,32.72,32.96,33.43,33.53,33.32,30.19,28.66,29.93,30.12,29.61,29.68,28.84,27.85,27.30,27.41,27.61,26.67,25.03,..
Industry/GDP (MJ per 2015 USD),2.42,2.46,2.34,2.50,2.50,2.42,2.55,2.73,2.64,2.71,2.50,2.49,2.43,2.45,2.42,2.18,2.18,2.04,1.88,1.85,1.69,1.54,1.49,1.43,1.44,1.37,1.29,1.25,1.22,1.21,1.28,1.24,1.21,1.20,1.21,1.20,1.17,1.13,1.08,1.10,1.09,1.05,1.06,1.03,1.01,1.01,1.00,0.98,0.90,0.91,0.91,0.91,0.88,0.87,0.84,0.80,0.77,0.76,0.76,0.74,0.72,..
Industry/GDP (MJ per 2015 USD PPP),2.07,2.10,2.00,2.13,2.13,2.06,2.18,2.33,2.26,2.31,2.14,2.13,2.07,2.09,2.07,1.87,1.86,1.75,1.61,1.58,1.44,1.32,1.28,1.22,1.23,1.17,1.10,1.07,1.04,1.03,1.10,1.06,1.03,1.03,1.04,1.02,1.00,0.97,0.92,0.94,0.93,0.90,0.91,0.88,0.87,0.86,0.85,0.84,0.77,0.77,0.78,0.78,0.76,0.74,0.72,0.68,0.66,0.65,0.65,0.63,0.62,..
